Workbook

Sheet Calculadora
A3: EQUIPO LOCAL | B3: Vitória | C3: EQUIPO VISITANTE | D3: Internacional
A4: Media Local | B4: =_xlfn.XLOOKUP(B3,Estadistica!A3:A22,Estadistica!I3:I22) -> 1.75 | C4: Media Visitante | D4: =_xlfn.XLOOKUP(D3,Estadistica!A3:A22,Estadistica!K3:K22) -> 1.1111111
A5: FD Local | B5: =_xlfn.XLOOKUP(B3,Estadistica!A3:A22,Estadistica!O3:O22) -> 0.33864796 | C5: FD Visitante | D5: =_xlfn.XLOOKUP(D3,Estadistica!A3:A22,Estadistica!Q3:Q22) -> 0.92969697
A6: Goles Esperados | B6: =B4*D5 -> 1.6269697 | C6: Goles Esperados | D6: =D4*B5 -> 0.37627551
A9: GANADOR DEL PARTIDO | C9: CUOTA | E9: RESULTADO CORRECTO
A10: GANA LOCAL | B10: =+Poisson!E15 -> 0.68131122 | C10: =1/B10 -> 1.467758 | E10: LOCAL | F10: PORCENT | G10: CUOTA | H10: EMPATE | I10: PORCENT | J10: CUOTA | K10: VISITANTE | L10: PORCENT | M10: CUOTA
A11: EMPATE | B11: =+Poisson!E16 -> 0.23101153 | C11: =1/B11 -> 4.3287882 | E11: 1-0 | F11: =+Poisson!E8 -> 0.21947301 | G11: =1/F11 -> 4.5563689 | H11: 0-0 | I11: =+Poisson!E7 -> 0.1348968 | J11: =1/I11 -> 7.4130741 | K11: 0-1 | L11: =+Poisson!F7 -> 0.050758364 | M11: =1/L11 -> 19.701187
A12: GANA VISITANTE | B12: =+Poisson!E17 -> 0.081144535 | C12: =1/B12 -> 12.323689 | E12: 2-0 | F12: =+Poisson!E9 -> 0.17853797 | G12: =1/F12 -> 5.6010494 | H12: 1-1 | I12: =+Poisson!F8 -> 0.08258232 | J12: =1/I12 -> 12.109129 | K12: 0-2 | L12: =+Poisson!G7 -> 0.0095495646 | M12: =1/L12 -> 104.71682
E13: 2-1 | F13: =+Poisson!F9 -> 0.067179466 | G13: =1/F13 -> 14.885501 | H13: 2-2 | I13: =+Poisson!G9 -> 0.012638994 | J13: =1/I13 -> 79.120222 | K13: 1-2 | L13: =+Poisson!G8 -> 0.015536852 | M13: =1/L13 -> 64.363102
A14: AMBOS MARCAN | B14: PORCENTAJE | C14: CUOTA | E14: 3-0 | F14: =+Poisson!E10 -> 0.096825289 | G14: =1/F14 -> 10.32788 | H14: 3-3 | I14: =+Poisson!H10 -> 0.0008597168 | J14: =1/I14 -> 1163.1737 | K14: 0-3 | L14: =+Poisson!H7 -> 0.0011977558 | M14: =1/L14 -> 834.89475
A15: SI | B15: =+Poisson!E19 -> 0.24990945 | C15: =1/B15 -> 4.0014493 | E15: 3-1 | F15: =+Poisson!F10 -> 0.036432985 | G15: =1/F15 -> 27.447655 | H15: 4-4 | I15: =+Poisson!I11 -> 3.2894315e-05 | J15: =1/I15 -> 30400.39 | K15: 1-3 | L15: =+Poisson!H8 -> 0.0019487123 | M15: =1/L15 -> 513.15937
A16: NO | B16: =+Poisson!E20 -> 0.75009055 | C16: =1/B16 -> 1.3331724 | E16: 3-2 | F16: =+Poisson!G10 -> 0.00685442 | G16: =1/F16 -> 145.89126 | H16: 5-5 | I16: =+Poisson!J12 -> 8.0550132e-07 | J16: =1/I16 -> 1241462.9 | K16: 2-3 | L16: =+Poisson!H9 -> 0.001585248 | M16: =1/L16 -> 630.81614
E17: 4-0 | F17: =+Poisson!E11 -> 0.039382953 | G17: =1/F17 -> 25.391697 | K17: 0-4 | L17: =+Poisson!I7 -> 0.00011267154 | M17: =1/L17 -> 8875.3557
A18: DOBLE OPORTUNID | B18: PORCENTAJE | C18: CUOTA | E18: 4-1 | F18: =+Poisson!F11 -> 0.014818841 | G18: =1/F18 -> 67.481662 | K18: 1-4 | L18: =+Poisson!I8 -> 0.00018331318 | M18: =1/L18 -> 5455.1451
A19: 1X | B19: =+Poisson!E15+Poisson!E16 -> 0.91232275 | C19: =1/B19 -> 1.0961033 | E19: 4-2 | F19: =+Poisson!G11 -> 0.0027879834 | G19: =1/F19 -> 358.68219 | K19: 2-4 | L19: =+Poisson!I9 -> 0.0001491225 | M19: =1/L19 -> 6705.8963
A20: 12 | B20: =+Poisson!E15+Poisson!E17 -> 0.76245575 | C20: =1/B20 -> 1.3115515 | E20: 4-3 | F20: =+Poisson!H11 -> 0.00034968329 | G20: =1/F20 -> 2859.7306 | K20: 3-4 | L20: =+Poisson!I10 -> 8.0872594e-05 | M20: =1/L20 -> 12365.128
A21: X2 | B21: =+Poisson!E16+Poisson!E17 -> 0.31215607 | C21: =1/B21 -> 3.2035257 | E21: 5-0 | F21: =+Poisson!E12 -> 0.012814974 | G21: =1/F21 -> 78.033712 | K21: 0-5 | L21: =+Poisson!J7 -> 8.4791083e-06 | M21: =1/L21 -> 117936.93
E22: 5-1 | F22: =+Poisson!F12 -> 0.0048219609 | G22: =1/F22 -> 207.38451 | K22: 1-5 | L22: =+Poisson!J8 -> 1.3795252e-05 | M22: =1/L22 -> 72488.707
A23: GOLES | B23: PORCENTAJE | C23: CUOTA | E23: 5-2 | F23: =+Poisson!G12 -> 0.00090719291 | G23: =1/F23 -> 1102.3014 | K23: 2-5 | L23: =+Poisson!J9 -> 1.1222229e-05 | M23: =1/L23 -> 89108.86
A24: +0.5 | B24: =+Poisson!I15 -> 0.85857048 | C24: =1/B24 -> 1.1647267 | E24: 5-3 | F24: =+Poisson!H12 -> 0.00011378482 | G24: =1/F24 -> 8788.5182 | K24: 3-5 | L24: =+Poisson!J10 -> 6.0860753e-06 | M24: =1/L24 -> 164309.5
A25: +1.5 | B25: =+Poisson!I16 -> 0.58833911 | C25: =1/B25 -> 1.6997 | E25: 5-4 | F25: =+Poisson!I12 -> 1.0703611e-05 | G25: =1/F25 -> 93426.417 | K25: 4-5 | L25: =+Poisson!J11 -> 2.475465e-06 | M25: =1/L25 -> 403964.5
A26: +2.5 | B26: =+Poisson!I17 -> 0.31766925 | C26: =1/B26 -> 3.1479282
A27: +3.5 | B27: =+Poisson!I18 -> 0.13692989 | C27: =1/B27 -> 7.3030074
A28: +4.5 | B28: =+Poisson!I19 -> 0.046413575 | C28: =1/B28 -> 21.545421
A29: +5.5 | B29: =+Poisson!I20 -> 0.0101483 | C29: =1/B29 -> 98.538674

Sheet Lista
A2: Athletico-PR
A3: Atlético-MG
A4: Bahia
A5: Botafogo
A6: Bragantino
A7: Chapecoense
A8: Corinthians
A9: Coritiba
A10: Cruzeiro
A11: Flamengo
A12: Fluminense
A13: Grêmio
... A21: Vitória

Sheet Poisson
E1: 0 | F1: 1 | G1: 2 | H1: 3 | I1: 4 | J1: 5
D2: LOCAL | E2: =_xlfn.POISSON.DIST(E1,Calculadora!$B$6,FALSE) -> 0.1965242 | F2: =_xlfn.POISSON.DIST(F1,Calculadora!$B$6,FALSE) -> 0.31973892 | G2: =_xlfn.POISSON.DIST(G1,Calculadora!$B$6,FALSE) -> 0.26010277 | H2: =_xlfn.POISSON.DIST(H1,Calculadora!$B$6,FALSE) -> 0.14105977 | I2: =_xlfn.POISSON.DIST(I1,Calculadora!$B$6,FALSE) -> 0.057374994 | J2: =_xlfn.POISSON.DIST(J1,Calculadora!$B$6,FALSE) -> 0.018669475
D3: VISITANTE | E3: =_xlfn.POISSON.DIST(E1,Calculadora!$D$6,FALSE) -> 0.68641319 | F3: =_xlfn.POISSON.DIST(F1,Calculadora!$D$6,FALSE) -> 0.25828047 | G3: =_xlfn.POISSON.DIST(G1,Calculadora!$D$6,FALSE) -> 0.048592309 | H3: =_xlfn.POISSON.DIST(H1,Calculadora!$D$6,FALSE) -> 0.0060946986 | I3: =_xlfn.POISSON.DIST(I1,Calculadora!$D$6,FALSE) -> 0.00057332145 | J3: =_xlfn.POISSON.DIST(J1,Calculadora!$D$6,FALSE) -> 4.3145365e-05
F5: VISITANTE
E6: 0 | F6: 1 | G6: 2 | H6: 3 | I6: 4 | J6: 5
D7: 0 | E7: =$E$2*E3 -> 0.1348968 | F7: =$E$2*F3 -> 0.050758364 | G7: =$E$2*G3 -> 0.0095495646 | H7: =$E$2*H3 -> 0.0011977558 | I7: =$E$2*I3 -> 0.00011267154 | J7: =$E$2*J3 -> 8.4791083e-06 | K7: =SUM(F7:J7) -> 0.061626835
D8: 1 | E8: =$F$2*E3 -> 0.21947301 | F8: =$F$2*F3 -> 0.08258232 | G8: =$F$2*G3 -> 0.015536852 | H8: =$F$2*H3 -> 0.0019487123 | I8: =$F$2*I3 -> 0.00018331318 | J8: =$F$2*J3 -> 1.3795252e-05 | K8: =SUM(G8:J8) -> 0.017682673
B9: LOCAL | D9: 2 | E9: =$G$2*E3 -> 0.17853797 | F9: =$G$2*F3 -> 0.067179466 | G9: =$G$2*G3 -> 0.012638994 | H9: =$G$2*H3 -> 0.001585248 | I9: =$G$2*I3 -> 0.0001491225 | J9: =$G$2*J3 -> 1.1222229e-05 | K9: =SUM(H9:J9) -> 0.0017455927
D10: 3 | E10: =$H$2*E3 -> 0.096825289 | F10: =$H$2*F3 -> 0.036432985 | G10: =$H$2*G3 -> 0.00685442 | H10: =$H$2*H3 -> 0.0008597168 | I10: =$H$2*I3 -> 8.0872594e-05 | J10: =$H$2*J3 -> 6.0860753e-06 | K10: =SUM(I10:J10) -> 8.6958669e-05
D11: 4 | E11: =$I$2*E3 -> 0.039382953 | F11: =$I$2*F3 -> 0.014818841 | G11: =$I$2*G3 -> 0.0027879834 | H11: =$I$2*H3 -> 0.00034968329 | I11: =$I$2*I3 -> 3.2894315e-05 | J11: =$I$2*J3 -> 2.475465e-06 | K11: =J11 -> 2.475465e-06
D12: 5 | E12: =$J$2*E3 -> 0.012814974 | F12: =$J$2*F3 -> 0.0048219609 | G12: =$J$2*G3 -> 0.00090719291 | H12: =$J$2*H3 -> 0.00011378482 | I12: =$J$2*I3 -> 1.0703611e-05 | J12: =$J$2*J3 -> 8.0550132e-07
E13: =SUM(E8:E12) -> 0.5470342 | F13: =SUM(F9:F12) -> 0.12325325 | G13: =SUM(G10:G12) -> 0.010549596 | H13: =SUM(H11:H12) -> 0.00046346812 | I13: =I12 -> 1.0703611e-05
D15: GANA LOCAL | E15: =SUM(E13:I13) -> 0.68131122 | F15: =E15*100 -> 68.131122 | H15: 0.5 | I15: =+SUM(E7:J12)-E7 -> 0.85857048
D16: EMPATE | E16: =SUM(E7+F8+G9+H10+I11+J12) -> 0.23101153 | F16: =E16*100 -> 23.101153 | H16: 1.5 | I16: =+SUM(E7:J12)-E8-F7-E7 -> 0.58833911
D17: GANA VISITA | E17: =SUM(K7:K11) -> 0.081144535 | F17: =E17*100 -> 8.1144535 | H17: 2.5 | I17: =+SUM(E7:J12)-E7-E8-F7-F8-G7-E9 -> 0.31766925
H18: 3.5 | I18: =+SUM(E7:J12)-E7-E8-E9-E10-F7-G7-H7-F8-F9-G8 -> 0.13692989
D19: AMBOS MARCAN | E19: =SUM(F8:J12) -> 0.24990945 | H19: 4.5 | I19: =+SUM(E7:J12)-E7-E8-E9-E10-F7-G7-H7-I7-F8-F9-F10-G8-G9-H8-E11 -> 0.046413575
D20: AMBOS NO MARCAN | E20: =1-E19 -> 0.75009055 | H20: 5.5 | I20: =+SUM(E7:J12)-E7-E8-E9-E10-E11-E12-F7-F8-F9-F10-F11-G7-G8-G9-G10-H7-H8-H9-I7-I8-J7 -> 0.0101483

Sheet Estadistica
B1: LOCAL | E1: VISITANTE | I1: PROMEDIOS | N1: FUERZA ATAQUE / DEFENSA
A2: EQUIPO | B2: J | C2: GF | D2: GC | E2: J | F2: GF | G2: GC | I2: GF LOCAL | J2: CG LOCAL | K2: GF VISITA | L2: CG VISITA | N2: FA LOCAL | O2: FD LOCAL | P2: FA VSITANT | Q2: FD VISITANT
A3: Athletico-PR | B3: =_xlfn.XLOOKUP(Estadistica!A3,Tabla_6__2[Equipo],Tabla_6__2[JJ]) -> 10 | C3: =_xlfn.XLOOKUP(A3,Tabla_6__2[Equipo],Tabla_6__2[Goles Marcados]) -> 17 | D3: =_xlfn.XLOOKUP(A3,Tabla_9[Equipo],Tabla_9[Goles Sufridos]) -> 6 | E3: =_xlfn.XLOOKUP(A3,Tabla_7__2[Equipo],Tabla_7__2[JJ]) -> 8 | F3: =_xlfn.XLOOKUP(A3,Tabla_7__2[Equipo],Tabla_7__2[Goles Marcados]) -> 7 | G3: =_xlfn.XLOOKUP(A3,Tabla_10[Equipo],Tabla_10[Goles Sufridos]) -> 12 | I3: =C3/B3 -> 1.7 | J3: =D3/B3 -> 0.6 | K3: =F3/E3 -> 0.875 | L3: =G3/E3 -> 1.5 | N3: =I3/$I$23 -> 1.0941818 | O3: =J3/$J$23 -> 0.54183673 | P3: =K3/$K$23 -> 0.79017857 | Q3: =L3/$L$23 -> 0.96545455
A4: Atlético-MG | B4: =_xlfn.XLOOKUP(Estadistica!A4,Tabla_6__2[Equipo],Tabla_6__2[JJ]) -> 8 | C4: =_xlfn.XLOOKUP(A4,Tabla_6__2[Equipo],Tabla_6__2[Goles Marcados]) -> 13 | D4: =_xlfn.XLOOKUP(A4,Tabla_9[Equipo],Tabla_9[Goles Sufridos]) -> 12 | E4: =_xlfn.XLOOKUP(A4,Tabla_7__2[Equipo],Tabla_7__2[JJ]) -> 10 | F4: =_xlfn.XLOOKUP(A4,Tabla_7__2[Equipo],Tabla_7__2[Goles Marcados]) -> 9 | G4: =_xlfn.XLOOKUP(A4,Tabla_10[Equipo],Tabla_10[Goles Sufridos]) -> 11 | I4: =C4/B4 -> 1.625 | J4: =D4/B4 -> 1.5 | K4: =F4/E4 -> 0.9 | L4: =G4/E4 -> 1.1 | N4: =I4/$I$23 -> 1.0459091 | O4: =J4/$J$23 -> 1.3545918 | P4: =K4/$K$23 -> 0.8127551 | Q4: =L4/$L$23 -> 0.708
A5: Bahia | B5: =_xlfn.XLOOKUP(Estadistica!A5,Tabla_6__2[Equipo],Tabla_6__2[JJ]) -> 9 | C5: =_xlfn.XLOOKUP(A5,Tabla_6__2[Equipo],Tabla_6__2[Goles Marcados]) -> 14 | D5: =_xlfn.XLOOKUP(A5,Tabla_9[Equipo],Tabla_9[Goles Sufridos]) -> 10 | E5: =_xlfn.XLOOKUP(A5,Tabla_7__2[Equipo],Tabla_7__2[JJ]) -> 8 | F5: =_xlfn.XLOOKUP(A5,Tabla_7__2[Equipo],Tabla_7__2[Goles Marcados]) -> 11 | G5: =_xlfn.XLOOKUP(A5,Tabla_10[Equipo],Tabla_10[Goles Sufridos]) -> 13 | I5: =C5/B5 -> 1.5555556 | J5: =D5/B5 -> 1.1111111 | K5: =F5/E5 -> 1.375 | L5: =G5/E5 -> 1.625 | N5: =I5/$I$23 -> 1.0012121 | O5: =J5/$J$23 -> 1.0034014 | P5: =K5/$K$23 -> 1.2417092 | Q5: =L5/$L$23 -> 1.0459091
A6: Botafogo | B6: =_xlfn.XLOOKUP(Estadistica!A6,Tabla_6__2[Equipo],Tabla_6__2[JJ]) -> 7 | C6: =_xlfn.XLOOKUP(A6,Tabla_6__2[Equipo],Tabla_6__2[Goles Marcados]) -> 15 | D6: =_xlfn.XLOOKUP(A6,Tabla_9[Equipo],Tabla_9[Goles Sufridos]) -> 12 | E6: =_xlfn.XLOOKUP(A6,Tabla_7__2[Equipo],Tabla_7__2[JJ]) -> 10 | F6: =_xlfn.XLOOKUP(A6,Tabla_7__2[Equipo],Tabla_7__2[Goles Marcados]) -> 16 | G6: =_xlfn.XLOOKUP(A6,Tabla_10[Equipo],Tabla_10[Goles Sufridos]) -> 19 | I6: =C6/B6 -> 2.1428571 | J6: =D6/B6 -> 1.7142857 | K6: =F6/E6 -> 1.6 | L6: =G6/E6 -> 1.9 | N6: =I6/$I$23 -> 1.3792208 | O6: =J6/$J$23 -> 1.548105 | P6: =K6/$K$23 -> 1.444898 | Q6: =L6/$L$23 -> 1.2229091
A7: Bragantino | B7: =_xlfn.XLOOKUP(Estadistica!A7,Tabla_6__2[Equipo],Tabla_6__2[JJ]) -> 9 | C7: =_xlfn.XLOOKUP(A7,Tabla_6__2[Equipo],Tabla_6__2[Goles Marcados]) -> 16 | D7: =_xlfn.XLOOKUP(A7,Tabla_9[Equipo],Tabla_9[Goles Sufridos]) -> 9 | E7: =_xlfn.XLOOKUP(A7,Tabla_7__2[Equipo],Tabla_7__2[JJ]) -> 9 | F7: =_xlfn.XLOOKUP(A7,Tabla_7__2[Equipo],Tabla_7__2[Goles Marcados]) -> 9 | G7: =_xlfn.XLOOKUP(A7,Tabla_10[Equipo],Tabla_10[Goles Sufridos]) -> 10 | I7: =C7/B7 -> 1.7777778 | J7: =D7/B7 -> 1 | K7: =F7/E7 -> 1 | L7: =G7/E7 -> 1.1111111 | N7: =I7/$I$23 -> 1.1442424 | O7: =J7/$J$23 -> 0.90306122 | P7: =K7/$K$23 -> 0.90306122 | Q7: =L7/$L$23 -> 0.71515152
A8: Chapecoense | B8: =_xlfn.XLOOKUP(Estadistica!A8,Tabla_6__2[Equipo],Tabla_6__2[JJ]) -> 9 | C8: =_xlfn.XLOOKUP(A8,Tabla_6__2[Equipo],Tabla_6__2[Goles Marcados]) -> 13 | D8: =_xlfn.XLOOKUP(A8,Tabla_9[Equipo],Tabla_9[Goles Sufridos]) -> 20 | E8: =_xlfn.XLOOKUP(A8,Tabla_7__2[Equipo],Tabla_7__2[JJ]) -> 8 | F8: =_xlfn.XLOOKUP(A8,Tabla_7__2[Equipo],Tabla_7__2[Goles Marcados]) -> 4 | G8: =_xlfn.XLOOKUP(A8,Tabla_10[Equipo],Tabla_10[Goles Sufridos]) -> 13 | I8: =C8/B8 -> 1.4444444 | J8: =D8/B8 -> 2.2222222 | K8: =F8/E8 -> 0.5 | L8: =G8/E8 -> 1.625 | N8: =I8/$I$23 -> 0.92969697 | O8: =J8/$J$23 -> 2.0068027 | P8: =K8/$K$23 -> 0.45153061 | Q8: =L8/$L$23 -> 1.0459091
A9: Corinthians | B9: =_xlfn.XLOOKUP(Estadistica!A9,Tabla_6__2[Equipo],Tabla_6__2[JJ]) -> 9 | C9: =_xlfn.XLOOKUP(A9,Tabla_6__2[Equipo],Tabla_6__2[Goles Marcados]) -> 9 | D9: =_xlfn.XLOOKUP(A9,Tabla_9[Equipo],Tabla_9[Goles Sufridos]) -> 8 | E9: =_xlfn.XLOOKUP(A9,Tabla_7__2[Equipo],Tabla_7__2[JJ]) -> 9 | F9: =_xlfn.XLOOKUP(A9,Tabla_7__2[Equipo],Tabla_7__2[Goles Marcados]) -> 9 | G9: =_xlfn.XLOOKUP(A9,Tabla_10[Equipo],Tabla_10[Goles Sufridos]) -> 11 | I9: =C9/B9 -> 1 | J9: =D9/B9 -> 0.88888889 | K9: =F9/E9 -> 1 | L9: =G9/E9 -> 1.2222222 | N9: =I9/$I$23 -> 0.64363636 | O9: =J9/$J$23 -> 0.80272109 | P9: =K9/$K$23 -> 0.90306122 | Q9: =L9/$L$23 -> 0.78666667
A10: Coritiba | B10: =_xlfn.XLOOKUP(Estadistica!A10,Tabla_6__2[Equipo],Tabla_6__2[JJ]) -> 8 | C10: =_xlfn.XLOOKUP(A10,Tabla_6__2[Equipo],Tabla_6__2[Goles Marcados]) -> 10 | D10: =_xlfn.XLOOKUP(A10,Tabla_9[Equipo],Tabla_9[Goles Sufridos]) -> 8 | E10: =_xlfn.XLOOKUP(A10,Tabla_7__2[Equipo],Tabla_7__2[JJ]) -> 10 | F10: =_xlfn.XLOOKUP(A10,Tabla_7__2[Equipo],Tabla_7__2[Goles Marcados]) -> 14 | G10: =_xlfn.XLOOKUP(A10,Tabla_10[Equipo],Tabla_10[Goles Sufridos]) -> 16 | I10: =C10/B10 -> 1.25 | J10: =D10/B10 -> 1 | K10: =F10/E10 -> 1.4 | L10: =G10/E10 -> 1.6 | N10: =I10/$I$23 -> 0.80454545 | O10: =J10/$J$23 -> 0.90306122 | P10: =K10/$K$23 -> 1.2642857 | Q10: =L10/$L$23 -> 1.0298182
A11: Cruzeiro | B11: =_xlfn.XLOOKUP(Estadistica!A11,Tabla_6__2[Equipo],Tabla_6__2[JJ]) -> 10 | C11: =_xlfn.XLOOKUP(A11,Tabla_6__2[Equipo],Tabla_6__2[Goles Marcados]) -> 16 | D11: =_xlfn.XLOOKUP(A11,Tabla_9[Equipo],Tabla_9[Goles Sufridos]) -> 12 | E11: =_xlfn.XLOOKUP(A11,Tabla_7__2[Equipo],Tabla_7__2[JJ]) -> 8 | F11: =_xlfn.XLOOKUP(A11,Tabla_7__2[Equipo],Tabla_7__2[Goles Marcados]) -> 8 | G11: =_xlfn.XLOOKUP(A11,Tabla_10[Equipo],Tabla_10[Goles Sufridos]) -> 16 | I11: =C11/B11 -> 1.6 | J11: =D11/B11 -> 1.2 | K11: =F11/E11 -> 1 | L11: =G11/E11 -> 2 | N11: =I11/$I$23 -> 1.0298182 | O11: =J11/$J$23 -> 1.0836735 | P11: =K11/$K$23 -> 0.90306122 | Q11: =L11/$L$23 -> 1.2872727
A12: Flamengo | B12: =_xlfn.XLOOKUP(Estadistica!A12,Tabla_6__2[Equipo],Tabla_6__2[JJ]) -> 8 | C12: =_xlfn.XLOOKUP(A12,Tabla_6__2[Equipo],Tabla_6__2[Goles Marcados]) -> 16 | D12: =_xlfn.XLOOKUP(A12,Tabla_9[Equipo],Tabla_9[Goles Sufridos]) -> 7 | E12: =_xlfn.XLOOKUP(A12,Tabla_7__2[Equipo],Tabla_7__2[JJ]) -> 9 | F12: =_xlfn.XLOOKUP(A12,Tabla_7__2[Equipo],Tabla_7__2[Goles Marcados]) -> 15 | G12: =_xlfn.XLOOKUP(A12,Tabla_10[Equipo],Tabla_10[Goles Sufridos]) -> 9 | I12: =C12/B12 -> 2 | J12: =D12/B12 -> 0.875 | K12: =F12/E12 -> 1.6666667 | L12: =G12/E12 -> 1 | N12: =I12/$I$23 -> 1.2872727 | O12: =J12/$J$23 -> 0.79017857 | P12: =K12/$K$23 -> 1.505102 | Q12: =L12/$L$23 -> 0.64363636
A13: Fluminense | B13: =_xlfn.XLOOKUP(Estadistica!A13,Tabla_6__2[Equipo],Tabla_6__2[JJ]) -> 9 | C13: =_xlfn.XLOOKUP(A13,Tabla_6__2[Equipo],Tabla_6__2[Goles Marcados]) -> 17 | D13: =_xlfn.XLOOKUP(A13,Tabla_9[Equipo],Tabla_9[Goles Sufridos]) -> 10 | E13: =_xlfn.XLOOKUP(A13,Tabla_7__2[Equipo],Tabla_7__2[JJ]) -> 9 | F13: =_xlfn.XLOOKUP(A13,Tabla_7__2[Equipo],Tabla_7__2[Goles Marcados]) -> 11 | G13: =_xlfn.XLOOKUP(A13,Tabla_10[Equipo],Tabla_10[Goles Sufridos]) -> 13 | I13: =C13/B13 -> 1.8888889 | J13: =D13/B13 -> 1.1111111 | K13: =F13/E13 -> 1.2222222 | L13: =G13/E13 -> 1.4444444 | N13: =I13/$I$23 -> 1.2157576 | O13: =J13/$J$23 -> 1.0034014 | P13: =K13/$K$23 -> 1.1037415 | Q13: =L13/$L$23 -> 0.92969697
A14: Grêmio | B14: =_xlfn.XLOOKUP(Estadistica!A14,Tabla_6__2[Equipo],Tabla_6__2[JJ]) -> 9 | C14: =_xlfn.XLOOKUP(A14,Tabla_6__2[Equipo],Tabla_6__2[Goles Marcados]) -> 15 | D14: =_xlfn.XLOOKUP(A14,Tabla_9[Equipo],Tabla_9[Goles Sufridos]) -> 11 | E14: =_xlfn.XLOOKUP(A14,Tabla_7__2[Equipo],Tabla_7__2[JJ]) -> 9 | F14: =_xlfn.XLOOKUP(A14,Tabla_7__2[Equipo],Tabla_7__2[Goles Marcados]) -> 5 | G14: =_xlfn.XLOOKUP(A14,Tabla_10[Equipo],Tabla_10[Goles Sufridos]) -> 12 | I14: =C14/B14 -> 1.6666667 | J14: =D14/B14 -> 1.2222222 | K14: =F14/E14 -> 0.55555556 | L14: =G14/E14 -> 1.3333333 | N14: =I14/$I$23 -> 1.0727273 | O14: =J14/$J$23 -> 1.1037415 | P14: =K14/$K$23 -> 0.50170068 | Q14: =L14/$L$23 -> 0.85818182
... A22: Vitória | B22: =_xlfn.XLOOKUP(Estadistica!A22,Tabla_6__2[Equipo],Tabla_6__2[JJ]) -> 8 | C22: =_xlfn.XLOOKUP(A22,Tabla_6__2[Equipo],Tabla_6__2[Goles Marcados]) -> 14 | D22: =_xlfn.XLOOKUP(A22,Tabla_9[Equipo],Tabla_9[Goles Sufridos]) -> 3 | E22: =_xlfn.XLOOKUP(A22,Tabla_7__2[Equipo],Tabla_7__2[JJ]) -> 9 | F22: =_xlfn.XLOOKUP(A22,Tabla_7__2[Equipo],Tabla_7__2[Goles Marcados]) -> 7 | G22: =_xlfn.XLOOKUP(A22,Tabla_10[Equipo],Tabla_10[Goles Sufridos]) -> 22 | I22: =C22/B22 -> 1.75 | J22: =D22/B22 -> 0.375 | K22: =F22/E22 -> 0.77777778 | L22: =G22/E22 -> 2.4444444 | N22: =I22/$I$23 -> 1.1263636 | O22: =J22/$J$23 -> 0.33864796 | P22: =K22/$K$23 -> 0.70238095 | Q22: =L22/$L$23 -> 1.5733333
B23: =SUM(B3:B22) -> 177 | C23: =SUM(C3:C22) -> 275 | D23: =SUM(D3:D22) -> 196 | E23: =SUM(E3:E22) -> 177 | F23: =SUM(F3:F22) -> 196 | G23: =SUM(G3:G22) -> 275 | I23: =C23/B23 -> 1.5536723 | J23: =D23/B23 -> 1.1073446 | K23: =F23/E23 -> 1.1073446 | L23: =G23/E23 -> 1.5536723

Sheet Goles marcados local
A1: # | B1: Equipo | C1: JJ | D1: Goles Marcados | E1: Media del local
A2: 1 | B2: Fluminense | C2: 9 | D2: 17 | E2: 189
A3: 2 | B3: Athletico-PR | C3: 10 | D3: 17 | E3: 17
A4: 3 | B4: Flamengo | C4: 8 | D4: 16 | E4: 2
A5: 4 | B5: Cruzeiro | C5: 10 | D5: 16 | E5: 16
A6: 5 | B6: Palmeiras | C6: 9 | D6: 16 | E6: 178
A7: 6 | B7: Bragantino | C7: 9 | D7: 16 | E7: 178
A8: 7 | B8: Santos | C8: 10 | D8: 15 | E8: 15
A9: 8 | B9: Botafogo | C9: 7 | D9: 15 | E9: 214
A10: 9 | B10: Grêmio | C10: 9 | D10: 15 | E10: 167
A11: 10 | B11: Vitória | C11: 8 | D11: 14 | E11: 175
A12: 11 | B12: São Paulo | C12: 8 | D12: 14 | E12: 175
A13: 12 | B13: Bahia | C13: 9 | D13: 14 | E13: 156
... A21: 20 | B21: Corinthians | C21: 9 | D21: 9 | E21: 1

Sheet Goles marcados visitante
A1: # | B1: Equipo | C1: JJ | D1: Goles Marcados | E1: Media de Visitante
A2: 1 | B2: Botafogo | C2: 10 | D2: 16 | E2: 16
A3: 2 | B3: Flamengo | C3: 9 | D3: 15 | E3: 167
A4: 3 | B4: Palmeiras | C4: 9 | D4: 14 | E4: 156
A5: 4 | B5: Coritiba | C5: 10 | D5: 14 | E5: 14
A6: 5 | B6: Santos | C6: 8 | D6: 11 | E6: 138
A7: 6 | B7: Fluminense | C7: 9 | D7: 11 | E7: 122
A8: 7 | B8: Bahia | C8: 8 | D8: 11 | E8: 138
A9: 8 | B9: Vasco | C9: 8 | D9: 10 | E9: 125
A10: 9 | B10: Internacional | C10: 9 | D10: 10 | E10: 111
A11: 10 | B11: Remo | C11: 9 | D11: 10 | E11: 111
A12: 11 | B12: São Paulo | C12: 10 | D12: 9 | E12: 9
A13: 12 | B13: Atlético-MG | C13: 10 | D13: 9 | E13: 9
... A21: 20 | B21: Chapecoense | C21: 8 | D21: 4 | E21: 5

Sheet Goles recibidos local
A1: # | B1: Equipo | C1: JJ | D1: Goles Sufridos | E1: Media del local
A2: 1 | B2: Chapecoense | C2: 9 | D2: 20 | E2: 222
A3: 2 | B3: Vasco | C3: 10 | D3: 13 | E3: 13
A4: 3 | B4: Cruzeiro | C4: 10 | D4: 12 | E4: 12
A5: 4 | B5: Atlético-MG | C5: 8 | D5: 12 | E5: 15
A6: 5 | B6: Santos | C6: 10 | D6: 12 | E6: 12
A7: 6 | B7: Botafogo | C7: 7 | D7: 12 | E7: 171
A8: 7 | B8: Grêmio | C8: 9 | D8: 11 | E8: 122
A9: 8 | B9: Remo | C9: 9 | D9: 11 | E9: 122
A10: 9 | B10: Mirassol | C10: 9 | D10: 11 | E10: 122
A11: 10 | B11: Fluminense | C11: 9 | D11: 10 | E11: 111
A12: 11 | B12: Bahia | C12: 9 | D12: 10 | E12: 111
A13: 12 | B13: Internacional | C13: 9 | D13: 9 | E13: 1
... A21: 20 | B21: Vitória | C21: 8 | D21: 3 | E21: 38

Sheet Goles recibidos visitante
A1: # | B1: Equipo | C1: JJ | D1: Goles Sufridos | E1: Media de Visitante
A2: 1 | B2: Vitória | C2: 9 | D2: 22 | E2: 244
A3: 2 | B3: Botafogo | C3: 10 | D3: 19 | E3: 19
A4: 3 | B4: Remo | C4: 9 | D4: 18 | E4: 2
A5: 4 | B5: Santos | C5: 8 | D5: 17 | E5: 213
A6: 5 | B6: Cruzeiro | C6: 8 | D6: 16 | E6: 2
A7: 6 | B7: Vasco | C7: 8 | D7: 16 | E7: 2
A8: 7 | B8: Coritiba | C8: 10 | D8: 16 | E8: 16
A9: 8 | B9: São Paulo | C9: 10 | D9: 14 | E9: 14
A10: 9 | B10: Internacional | C10: 9 | D10: 13 | E10: 144
A11: 10 | B11: Fluminense | C11: 9 | D11: 13 | E11: 144
A12: 11 | B12: Chapecoense | C12: 8 | D12: 13 | E12: 163
A13: 12 | B13: Bahia | C13: 8 | D13: 13 | E13: 163
... A21: 20 | B21: Palmeiras | C21: 9 | D21: 7 | E21: 78
